sku,spu,name,category,color,size,price
SKU40849,SPU000,牛仔裤夏季款,女装,蓝色,L,273.21
SKU49978,SPU000,牛仔裤夏季款,鞋靴,白色,L,275.88
SKU75248,SPU000,牛仔裤夏季款,男装,蓝色,XS,275.51
SKU28901,SPU000,牛仔裤夏季款,男装,灰色,XS,268.53
SKU42656,SPU000,牛仔裤夏季款,配饰,黑色,XS,281.23
SKU78797,SPU001,运动鞋经典款,鞋靴,白色,XL,244.61
SKU95860,SPU001,运动鞋经典款,女装,粉色,XL,246.88
SKU84560,SPU001,运动鞋经典款,男装,白色,L,250.75
SKU56820,SPU001,运动鞋经典款,女装,蓝色,XS,236.48
SKU85589,SPU002,半身裙夏季款,女装,蓝色,L,277.73
SKU95776,SPU002,半身裙夏季款,女装,红色,XL,262.53
SKU75480,SPU002,半身裙夏季款,男装,黑色,XS,272.97
SKU57375,SPU002,半身裙夏季款,男装,米色,M,274.93
SKU20483,SPU003,T恤夏季款,鞋靴,白色,L,273.28
SKU36118,SPU003,T恤夏季款,鞋靴,米色,XL,262.41
SKU22790,SPU003,T恤夏季款,配饰,米色,XS,262.25
SKU88011,SPU003,T恤夏季款,女装,灰色,M,277.04
SKU82557,SPU004,半身裙经典款,鞋靴,粉色,L,228.57
SKU29752,SPU004,半身裙经典款,男装,红色,XL,227.35
SKU48075,SPU004,半身裙经典款,女装,蓝色,M,224.96
SKU94998,SPU005,高跟鞋春季款,配饰,米色,S,492.4
SKU87822,SPU005,高跟鞋春季款,配饰,粉色,S,503.95
SKU84795,SPU005,高跟鞋春季款,鞋靴,蓝色,S,472.66
SKU86202,SPU006,针织连衣裙秋冬款,鞋靴,白色,XL,210.09
SKU70292,SPU006,针织连衣裙秋冬款,女装,粉色,M,207.62
SKU61295,SPU006,针织连衣裙秋冬款,配饰,黑色,L,205.99
SKU50274,SPU006,针织连衣裙秋冬款,男装,黑色,XS,201.47
SKU94687,SPU007,T恤秋冬款,鞋靴,米色,L,427.35
SKU38367,SPU007,T恤秋冬款,配饰,灰色,XL,410.71
SKU42432,SPU007,T恤秋冬款,男装,米色,XL,418.68
SKU85179,SPU007,T恤秋冬款,女装,白色,S,415.96
SKU82981,SPU008,羽绒服夏季款,配饰,黑色,M,82.79
SKU65573,SPU008,羽绒服夏季款,配饰,白色,M,82.66
SKU72098,SPU008,羽绒服夏季款,男装,灰色,L,78.75
SKU98875,SPU009,半身裙春季款,女装,黑色,S,124.93
SKU84516,SPU009,半身裙春季款,男装,粉色,XS,122.52
SKU14467,SPU009,半身裙春季款,配饰,灰色,S,125.64
SKU85368,SPU009,半身裙春季款,男装,灰色,M,120.93
SKU55303,SPU010,牛仔裤经典款,鞋靴,灰色,S,242.85
SKU46905,SPU010,牛仔裤经典款,女装,灰色,S,241.68
SKU58100,SPU010,牛仔裤经典款,配饰,白色,M,230.68
SKU16170,SPU010,牛仔裤经典款,男装,灰色,XS,233.39
SKU57342,SPU010,牛仔裤经典款,鞋靴,黑色,S,245.83
SKU78030,SPU011,休闲衬衫经典款,男装,黑色,M,346.41
SKU30493,SPU011,休闲衬衫经典款,配饰,蓝色,XL,339.03
SKU10454,SPU011,休闲衬衫经典款,男装,黑色,L,341.39
SKU50944,SPU011,休闲衬衫经典款,女装,米色,M,349.39
SKU54185,SPU012,牛仔裤秋冬款,男装,蓝色,S,431.93
SKU38136,SPU012,牛仔裤秋冬款,配饰,红色,S,406.38
SKU67821,SPU012,牛仔裤秋冬款,女装,灰色,L,408.92
SKU56191,SPU013,针织连衣裙秋冬款,女装,黑色,XS,304.36
SKU44665,SPU013,针织连衣裙秋冬款,鞋靴,米色,S,288.85
SKU91979,SPU013,针织连衣裙秋冬款,女装,黑色,XL,295.45
SKU12532,SPU013,针织连衣裙秋冬款,女装,灰色,XS,294.55
SKU84450,SPU013,针织连衣裙秋冬款,男装,粉色,XS,287.21
SKU16741,SPU014,半身裙经典款,鞋靴,粉色,S,465.37
SKU24804,SPU014,半身裙经典款,男装,蓝色,XL,487.01
SKU46234,SPU014,半身裙经典款,女装,灰色,M,474.88
SKU17384,SPU014,半身裙经典款,配饰,红色,S,465.81
SKU65239,SPU014,半身裙经典款,鞋靴,白色,S,476.78
SKU32018,SPU015,半身裙经典款,女装,灰色,XL,224.33
SKU19488,SPU015,半身裙经典款,女装,米色,XS,232.15
SKU53380,SPU015,半身裙经典款,鞋靴,黑色,S,226.69
SKU32993,SPU015,半身裙经典款,鞋靴,红色,L,235.19
SKU80787,SPU016,羽绒服春季款,男装,红色,XL,531.99
SKU68061,SPU016,羽绒服春季款,配饰,白色,M,536.39
SKU95031,SPU016,羽绒服春季款,配饰,黑色,XS,541.85
SKU22593,SPU016,羽绒服春季款,配饰,蓝色,M,547.06
SKU76768,SPU017,T恤春季款,男装,粉色,S,643.36
SKU69527,SPU017,T恤春季款,男装,黑色,L,649.74
SKU80189,SPU017,T恤春季款,配饰,蓝色,XS,654.58
SKU89810,SPU018,T恤夏季款,男装,红色,M,529.67
SKU12243,SPU018,T恤夏季款,男装,红色,XL,552.19
SKU73601,SPU018,T恤夏季款,配饰,蓝色,M,549.55
SKU51941,SPU018,T恤夏季款,鞋靴,红色,L,529.92
SKU48700,SPU018,T恤夏季款,女装,蓝色,M,536.08
SKU85272,SPU019,针织连衣裙夏季款,男装,红色,M,377.13
SKU37599,SPU019,针织连衣裙夏季款,鞋靴,米色,XL,377.08
SKU63780,SPU019,针织连衣裙夏季款,配饰,米色,M,390.28
SKU55666,SPU019,针织连衣裙夏季款,鞋靴,白色,S,386.35
SKU66694,SPU019,针织连衣裙夏季款,鞋靴,红色,M,373.62
SKU63646,SPU020,高跟鞋经典款,女装,黑色,XL,259.05
SKU75626,SPU020,高跟鞋经典款,鞋靴,米色,M,265.4
SKU71391,SPU020,高跟鞋经典款,配饰,白色,M,259.48
SKU14831,SPU020,高跟鞋经典款,配饰,米色,XS,266.16
SKU91267,SPU021,T恤经典款,男装,粉色,M,132.11
SKU72283,SPU021,T恤经典款,鞋靴,灰色,M,136.22
SKU82134,SPU021,T恤经典款,男装,黑色,M,132.59
SKU83962,SPU022,羽绒服经典款,配饰,米色,L,434.25
SKU36355,SPU022,羽绒服经典款,男装,米色,XL,431.88
SKU23213,SPU022,羽绒服经典款,女装,灰色,M,428.08
SKU21055,SPU022,羽绒服经典款,男装,黑色,S,423.42
SKU39056,SPU022,羽绒服经典款,女装,白色,L,431.08
SKU22340,SPU023,羽绒服春季款,男装,米色,XL,343.52
SKU74517,SPU023,羽绒服春季款,鞋靴,黑色,M,338.38
SKU23367,SPU023,羽绒服春季款,鞋靴,米色,M,341.42
SKU14736,SPU024,羽绒服春季款,配饰,灰色,S,230.48
SKU47240,SPU024,羽绒服春季款,女装,红色,M,236.3
SKU85685,SPU024,羽绒服春季款,男装,米色,XS,232.93
SKU70163,SPU024,羽绒服春季款,女装,黑色,L,227.86
SKU59849,SPU024,羽绒服春季款,女装,红色,L,224.94
SKU67229,SPU025,西装外套经典款,女装,蓝色,XL,531.12
SKU88133,SPU025,西装外套经典款,女装,米色,M,535.95
SKU39763,SPU025,西装外套经典款,配饰,红色,M,507.59
SKU68440,SPU025,西装外套经典款,鞋靴,蓝色,XS,526.23
SKU29290,SPU025,西装外套经典款,配饰,黑色,S,534.41
SKU17207,SPU026,T恤秋冬款,男装,红色,S,148.63
SKU91634,SPU026,T恤秋冬款,配饰,粉色,S,150.41
SKU28489,SPU026,T恤秋冬款,男装,蓝色,M,147.84
SKU13845,SPU027,T恤经典款,鞋靴,黑色,XS,375.97
SKU66328,SPU027,T恤经典款,配饰,粉色,S,381.06
SKU87028,SPU027,T恤经典款,男装,灰色,M,369.74
SKU49061,SPU028,高跟鞋秋冬款,女装,蓝色,XL,507.04
SKU87732,SPU028,高跟鞋秋冬款,男装,红色,L,504.5
SKU48700,SPU028,高跟鞋秋冬款,女装,米色,S,495.66
SKU27466,SPU028,高跟鞋秋冬款,女装,粉色,XS,492.79
SKU71295,SPU028,高跟鞋秋冬款,配饰,黑色,XL,490.71
SKU70427,SPU029,卫衣春季款,男装,灰色,S,145.73
SKU38090,SPU029,卫衣春季款,配饰,蓝色,L,149.31
SKU26020,SPU029,卫衣春季款,男装,粉色,XS,144.0
SKU40954,SPU030,卫衣经典款,女装,灰色,S,248.14
SKU82002,SPU030,卫衣经典款,男装,白色,XS,248.07
SKU26080,SPU030,卫衣经典款,鞋靴,灰色,XL,239.31
SKU56475,SPU030,卫衣经典款,男装,红色,XL,243.21
SKU83047,SPU030,卫衣经典款,配饰,蓝色,XS,249.41
SKU14357,SPU031,运动鞋秋冬款,鞋靴,蓝色,XS,439.98
SKU36743,SPU031,运动鞋秋冬款,配饰,黑色,L,438.73
SKU61247,SPU031,运动鞋秋冬款,配饰,黑色,XS,434.45
SKU23286,SPU031,运动鞋秋冬款,女装,米色,L,439.39
SKU36293,SPU031,运动鞋秋冬款,男装,红色,S,428.64
SKU62286,SPU032,西装外套春季款,鞋靴,红色,S,386.25
SKU14729,SPU032,西装外套春季款,男装,米色,M,392.41
SKU72417,SPU032,西装外套春季款,女装,蓝色,S,397.09
SKU58839,SPU033,羽绒服经典款,鞋靴,蓝色,M,628.44
SKU20111,SPU033,羽绒服经典款,鞋靴,白色,XS,622.1
SKU58504,SPU033,羽绒服经典款,鞋靴,黑色,XS,597.19
SKU56336,SPU034,高跟鞋春季款,鞋靴,黑色,S,679.47
SKU47896,SPU034,高跟鞋春季款,配饰,白色,XS,651.68
SKU47715,SPU034,高跟鞋春季款,男装,黑色,XS,663.5
SKU26174,SPU035,休闲衬衫夏季款,配饰,灰色,M,532.27
SKU79968,SPU035,休闲衬衫夏季款,男装,灰色,XL,550.6
SKU94524,SPU035,休闲衬衫夏季款,配饰,红色,XS,547.44
SKU95458,SPU035,休闲衬衫夏季款,男装,蓝色,L,533.03
SKU33428,SPU036,羽绒服秋冬款,配饰,红色,M,264.49
SKU56475,SPU036,羽绒服秋冬款,男装,粉色,S,259.53
SKU59495,SPU036,羽绒服秋冬款,女装,米色,M,251.99
SKU29544,SPU036,羽绒服秋冬款,男装,米色,L,250.84
SKU13236,SPU037,休闲衬衫秋冬款,男装,蓝色,M,125.1
SKU98638,SPU037,休闲衬衫秋冬款,男装,蓝色,XS,124.85
SKU90625,SPU037,休闲衬衫秋冬款,女装,黑色,L,127.58
SKU36449,SPU037,休闲衬衫秋冬款,女装,粉色,M,120.21
SKU98449,SPU037,休闲衬衫秋冬款,女装,红色,XL,124.09
SKU65590,SPU038,羽绒服经典款,男装,红色,S,212.08
SKU69002,SPU038,羽绒服经典款,男装,灰色,XL,213.73
SKU60000,SPU038,羽绒服经典款,女装,米色,M,215.13
SKU89418,SPU038,羽绒服经典款,鞋靴,灰色,L,210.64
SKU48866,SPU038,羽绒服经典款,配饰,白色,XL,216.63
SKU66572,SPU039,休闲衬衫秋冬款,男装,粉色,L,293.85
SKU25434,SPU039,休闲衬衫秋冬款,配饰,粉色,M,280.76
SKU61692,SPU039,休闲衬衫秋冬款,鞋靴,蓝色,L,284.43
SKU17792,SPU039,休闲衬衫秋冬款,女装,粉色,M,280.61
SKU59094,SPU040,羽绒服夏季款,女装,黑色,L,415.22
SKU87679,SPU040,羽绒服夏季款,配饰,白色,S,427.48
SKU68715,SPU040,羽绒服夏季款,配饰,红色,S,427.36
SKU11409,SPU040,羽绒服夏季款,鞋靴,黑色,XL,429.63
SKU83210,SPU040,羽绒服夏季款,女装,灰色,M,432.11
SKU90717,SPU041,T恤夏季款,男装,米色,XS,272.38
SKU74651,SPU041,T恤夏季款,鞋靴,蓝色,XL,271.39
SKU90758,SPU041,T恤夏季款,鞋靴,黑色,XS,272.29
SKU81156,SPU041,T恤夏季款,鞋靴,黑色,XS,279.75
SKU36207,SPU041,T恤夏季款,鞋靴,米色,S,276.88
SKU45677,SPU042,羽绒服经典款,配饰,灰色,S,509.97
SKU97912,SPU042,羽绒服经典款,鞋靴,粉色,M,490.87
SKU28662,SPU042,羽绒服经典款,鞋靴,粉色,XS,502.16
SKU39009,SPU042,羽绒服经典款,配饰,红色,L,503.41
SKU74820,SPU042,羽绒服经典款,鞋靴,米色,L,515.31
SKU99935,SPU043,T恤夏季款,男装,红色,XS,98.09
SKU27856,SPU043,T恤夏季款,配饰,蓝色,XS,98.75
SKU21990,SPU043,T恤夏季款,女装,黑色,M,94.66
SKU92769,SPU044,卫衣经典款,鞋靴,米色,XL,449.66
SKU28664,SPU044,卫衣经典款,配饰,粉色,XS,440.77
SKU22536,SPU044,卫衣经典款,男装,米色,XS,459.12
SKU61533,SPU045,牛仔裤夏季款,配饰,黑色,XS,557.11
SKU95848,SPU045,牛仔裤夏季款,鞋靴,白色,L,526.98
SKU87421,SPU045,牛仔裤夏季款,女装,黑色,M,533.51
SKU32164,SPU045,牛仔裤夏季款,女装,粉色,L,557.66
SKU60706,SPU046,运动鞋夏季款,配饰,米色,M,225.7
SKU44776,SPU046,运动鞋夏季款,配饰,黑色,S,229.29
SKU37582,SPU046,运动鞋夏季款,男装,红色,L,228.87
SKU60402,SPU047,休闲衬衫经典款,女装,白色,XS,538.5
SKU65842,SPU047,休闲衬衫经典款,鞋靴,蓝色,XL,537.51
SKU72991,SPU047,休闲衬衫经典款,女装,灰色,XS,537.76
SKU32039,SPU047,休闲衬衫经典款,女装,蓝色,S,528.19
SKU40539,SPU047,休闲衬衫经典款,鞋靴,灰色,L,550.63
SKU37471,SPU048,牛仔裤夏季款,女装,黑色,XS,158.14
SKU76793,SPU048,牛仔裤夏季款,鞋靴,灰色,S,153.61
SKU68883,SPU048,牛仔裤夏季款,男装,蓝色,M,158.96
SKU40733,SPU048,牛仔裤夏季款,女装,红色,S,152.8
SKU67721,SPU048,牛仔裤夏季款,鞋靴,黑色,S,158.35
SKU30226,SPU049,针织连衣裙夏季款,鞋靴,红色,XS,179.16
SKU73765,SPU049,针织连衣裙夏季款,女装,粉色,L,183.37
SKU14385,SPU049,针织连衣裙夏季款,女装,灰色,M,183.34
SKU34288,SPU050,牛仔裤秋冬款,男装,粉色,L,674.99
SKU63365,SPU050,牛仔裤秋冬款,男装,白色,L,657.58
SKU97297,SPU050,牛仔裤秋冬款,女装,粉色,XS,682.49
SKU26655,SPU050,牛仔裤秋冬款,鞋靴,粉色,S,671.7
SKU73720,SPU051,高跟鞋夏季款,鞋靴,米色,S,586.86
SKU21882,SPU051,高跟鞋夏季款,配饰,粉色,M,605.17
SKU44904,SPU051,高跟鞋夏季款,鞋靴,红色,M,601.8
SKU72220,SPU051,高跟鞋夏季款,鞋靴,蓝色,L,580.52
SKU29345,SPU051,高跟鞋夏季款,鞋靴,黑色,M,570.84
SKU15660,SPU052,羽绒服春季款,配饰,灰色,M,492.7
SKU62366,SPU052,羽绒服春季款,男装,灰色,M,487.41
SKU25300,SPU052,羽绒服春季款,鞋靴,蓝色,L,482.14
SKU79156,SPU052,羽绒服春季款,女装,黑色,XS,484.29
SKU22873,SPU053,T恤秋冬款,女装,粉色,M,183.16
SKU25322,SPU053,T恤秋冬款,男装,米色,XL,196.13
SKU32957,SPU053,T恤秋冬款,女装,黑色,M,195.76
SKU14316,SPU053,T恤秋冬款,女装,粉色,L,186.44
SKU21581,SPU054,休闲衬衫秋冬款,配饰,米色,XL,348.2
SKU90737,SPU054,休闲衬衫秋冬款,女装,白色,XS,369.62
SKU17859,SPU054,休闲衬衫秋冬款,鞋靴,蓝色,L,365.42
SKU83239,SPU054,休闲衬衫秋冬款,配饰,黑色,XS,365.04
SKU62856,SPU054,休闲衬衫秋冬款,配饰,白色,XL,366.36
SKU46733,SPU055,高跟鞋秋冬款,男装,灰色,XL,436.16
SKU59532,SPU055,高跟鞋秋冬款,男装,米色,S,451.94
SKU36772,SPU055,高跟鞋秋冬款,男装,米色,XL,453.42
SKU65207,SPU055,高跟鞋秋冬款,鞋靴,白色,M,425.98
SKU55913,SPU055,高跟鞋秋冬款,女装,蓝色,L,430.19
SKU54067,SPU056,休闲衬衫夏季款,女装,蓝色,L,488.69
SKU65077,SPU056,休闲衬衫夏季款,鞋靴,白色,L,509.01
SKU44602,SPU056,休闲衬衫夏季款,鞋靴,红色,XL,481.78
SKU80835,SPU056,休闲衬衫夏季款,配饰,白色,S,487.53
SKU82862,SPU056,休闲衬衫夏季款,女装,白色,M,486.51
SKU35174,SPU057,卫衣经典款,男装,灰色,XS,367.21
SKU81595,SPU057,卫衣经典款,鞋靴,黑色,S,374.99
SKU92588,SPU057,卫衣经典款,男装,粉色,L,382.0
SKU15193,SPU057,卫衣经典款,男装,米色,L,372.85
SKU98742,SPU058,卫衣春季款,女装,粉色,M,337.9
SKU57844,SPU058,卫衣春季款,女装,粉色,M,327.56
SKU68283,SPU058,卫衣春季款,配饰,蓝色,L,339.28
SKU31128,SPU058,卫衣春季款,女装,蓝色,M,331.05
SKU69718,SPU058,卫衣春季款,女装,米色,XL,333.53
SKU19562,SPU059,羽绒服秋冬款,女装,米色,S,312.18
SKU85466,SPU059,羽绒服秋冬款,女装,蓝色,XS,298.37
SKU44930,SPU059,羽绒服秋冬款,男装,白色,S,303.44
SKU41797,SPU059,羽绒服秋冬款,鞋靴,白色,M,308.48
SKU50271,SPU059,羽绒服秋冬款,男装,白色,L,310.48
SKU40989,SPU060,卫衣秋冬款,配饰,蓝色,XL,396.82
SKU76025,SPU060,卫衣秋冬款,女装,白色,XL,405.87
SKU17372,SPU060,卫衣秋冬款,鞋靴,白色,M,388.61
SKU38600,SPU060,卫衣秋冬款,男装,白色,XS,390.22
SKU24988,SPU060,卫衣秋冬款,鞋靴,白色,XS,387.48
SKU68364,SPU061,半身裙春季款,女装,灰色,M,284.7
SKU21393,SPU061,半身裙春季款,鞋靴,粉色,S,285.24
SKU38395,SPU061,半身裙春季款,配饰,红色,XL,281.34
SKU73038,SPU061,半身裙春季款,男装,白色,L,288.78
SKU18811,SPU062,羽绒服经典款,配饰,蓝色,L,398.09
SKU31591,SPU062,羽绒服经典款,配饰,蓝色,L,401.13
SKU63780,SPU062,羽绒服经典款,女装,粉色,S,398.29
SKU35370,SPU062,羽绒服经典款,配饰,红色,L,392.0
SKU78521,SPU062,羽绒服经典款,配饰,白色,M,398.97
SKU35450,SPU063,西装外套秋冬款,配饰,灰色,XL,219.08
SKU31290,SPU063,西装外套秋冬款,配饰,蓝色,L,219.88
SKU38942,SPU063,西装外套秋冬款,女装,红色,L,215.46
SKU93447,SPU063,西装外套秋冬款,男装,红色,XL,225.63
SKU26533,SPU063,西装外套秋冬款,鞋靴,白色,L,225.81
SKU39678,SPU064,针织连衣裙春季款,女装,灰色,XS,325.38
SKU76312,SPU064,针织连衣裙春季款,女装,黑色,S,319.73
SKU47735,SPU064,针织连衣裙春季款,配饰,灰色,XS,326.88
SKU19109,SPU065,卫衣经典款,鞋靴,灰色,S,463.83
SKU16463,SPU065,卫衣经典款,女装,蓝色,XL,456.48
SKU95396,SPU065,卫衣经典款,男装,灰色,XS,465.03
SKU51499,SPU065,卫衣经典款,女装,白色,XS,464.97
SKU57602,SPU066,针织连衣裙秋冬款,女装,白色,L,156.62
SKU81763,SPU066,针织连衣裙秋冬款,女装,白色,XL,161.81
SKU33077,SPU066,针织连衣裙秋冬款,配饰,红色,M,154.49
SKU77333,SPU067,牛仔裤经典款,鞋靴,红色,XL,603.29
SKU63616,SPU067,牛仔裤经典款,女装,黑色,L,603.35
SKU74485,SPU067,牛仔裤经典款,男装,米色,XL,585.38
SKU61966,SPU067,牛仔裤经典款,鞋靴,蓝色,L,584.58
SKU60426,SPU067,牛仔裤经典款,配饰,粉色,S,578.0
SKU55115,SPU068,休闲衬衫夏季款,男装,黑色,M,539.52
SKU45734,SPU068,休闲衬衫夏季款,男装,白色,M,537.15
SKU44688,SPU068,休闲衬衫夏季款,鞋靴,白色,L,570.57
SKU32496,SPU068,休闲衬衫夏季款,鞋靴,红色,XS,544.51
SKU75319,SPU069,半身裙秋冬款,配饰,灰色,L,424.02
SKU21244,SPU069,半身裙秋冬款,女装,红色,L,433.06
SKU66871,SPU069,半身裙秋冬款,男装,白色,M,417.83
SKU95091,SPU069,半身裙秋冬款,女装,米色,M,412.5
SKU15897,SPU069,半身裙秋冬款,鞋靴,蓝色,M,424.53
SKU26413,SPU070,针织连衣裙经典款,鞋靴,米色,M,573.39
SKU85854,SPU070,针织连衣裙经典款,女装,米色,XL,565.87
SKU19257,SPU070,针织连衣裙经典款,配饰,灰色,XS,550.57
SKU93283,SPU070,针织连衣裙经典款,男装,白色,XS,575.07
SKU46994,SPU071,运动鞋春季款,女装,白色,L,189.32
SKU62441,SPU071,运动鞋春季款,配饰,蓝色,XS,192.08
SKU62359,SPU071,运动鞋春季款,女装,灰色,XS,189.85
SKU92970,SPU071,运动鞋春季款,女装,红色,S,186.98
SKU25683,SPU072,运动鞋春季款,男装,灰色,XL,315.36
SKU99144,SPU072,运动鞋春季款,鞋靴,粉色,L,305.23
SKU13310,SPU072,运动鞋春季款,鞋靴,米色,L,310.56
SKU11100,SPU072,运动鞋春季款,鞋靴,米色,XL,307.62
SKU95473,SPU073,高跟鞋夏季款,女装,米色,S,382.93
SKU81755,SPU073,高跟鞋夏季款,女装,黑色,S,400.92
SKU98290,SPU073,高跟鞋夏季款,男装,米色,M,400.38
SKU20072,SPU073,高跟鞋夏季款,男装,灰色,XS,398.4
SKU59004,SPU073,高跟鞋夏季款,男装,白色,L,386.73
SKU86700,SPU074,T恤经典款,鞋靴,黑色,S,134.37
SKU22955,SPU074,T恤经典款,女装,灰色,L,134.83
SKU75135,SPU074,T恤经典款,男装,蓝色,S,128.75
SKU95463,SPU074,T恤经典款,配饰,白色,XL,133.16
SKU59340,SPU075,羽绒服经典款,配饰,粉色,XL,255.84
SKU56447,SPU075,羽绒服经典款,配饰,红色,M,269.95
SKU20459,SPU075,羽绒服经典款,女装,灰色,XL,254.81
SKU97087,SPU075,羽绒服经典款,女装,白色,S,266.79
SKU83389,SPU076,牛仔裤夏季款,男装,米色,L,429.44
SKU50635,SPU076,牛仔裤夏季款,女装,蓝色,XS,443.06
SKU83997,SPU076,牛仔裤夏季款,女装,蓝色,XS,454.61
SKU11197,SPU077,针织连衣裙秋冬款,男装,粉色,XL,314.99
SKU79813,SPU077,针织连衣裙秋冬款,男装,黑色,S,310.65
SKU31783,SPU077,针织连衣裙秋冬款,男装,蓝色,XL,316.76
SKU94923,SPU078,休闲衬衫春季款,配饰,灰色,M,195.65
SKU78892,SPU078,休闲衬衫春季款,配饰,红色,M,198.08
SKU15818,SPU078,休闲衬衫春季款,鞋靴,粉色,L,197.76
SKU13529,SPU079,T恤经典款,女装,米色,XS,232.56
SKU87717,SPU079,T恤经典款,配饰,米色,M,235.02
SKU98630,SPU079,T恤经典款,女装,白色,L,235.81
SKU76752,SPU079,T恤经典款,鞋靴,米色,L,240.37
SKU28460,SPU080,半身裙经典款,女装,黑色,L,142.05
SKU39242,SPU080,半身裙经典款,鞋靴,粉色,L,141.16
SKU88461,SPU080,半身裙经典款,男装,白色,XL,139.53
SKU46846,SPU080,半身裙经典款,配饰,白色,L,144.3
SKU25199,SPU080,半身裙经典款,男装,粉色,L,141.8
SKU79755,SPU081,T恤春季款,女装,红色,XL,187.9
SKU67613,SPU081,T恤春季款,男装,灰色,M,196.22
SKU78616,SPU081,T恤春季款,鞋靴,白色,M,196.0
SKU41729,SPU081,T恤春季款,鞋靴,黑色,L,195.72
SKU11565,SPU081,T恤春季款,鞋靴,灰色,XS,196.07
SKU65544,SPU082,T恤春季款,鞋靴,粉色,M,540.76
SKU25365,SPU082,T恤春季款,女装,粉色,XL,516.59
SKU95222,SPU082,T恤春季款,男装,白色,XL,528.32
SKU85116,SPU082,T恤春季款,配饰,黑色,S,534.61
SKU16214,SPU083,羽绒服春季款,鞋靴,红色,XS,186.84
SKU90340,SPU083,羽绒服春季款,男装,粉色,XL,181.1
SKU98829,SPU083,羽绒服春季款,鞋靴,白色,XS,183.54
SKU24153,SPU083,羽绒服春季款,男装,粉色,L,184.59
SKU82859,SPU083,羽绒服春季款,男装,白色,XS,183.09
SKU12805,SPU084,卫衣经典款,配饰,米色,XL,429.67
SKU92182,SPU084,卫衣经典款,配饰,红色,XS,422.5
SKU36972,SPU084,卫衣经典款,男装,白色,XS,404.87
SKU39501,SPU084,卫衣经典款,配饰,粉色,XL,411.77
SKU86039,SPU085,运动鞋夏季款,女装,白色,XS,372.62
SKU59819,SPU085,运动鞋夏季款,男装,白色,XS,371.88
SKU75424,SPU085,运动鞋夏季款,配饰,白色,S,380.47
SKU58698,SPU086,西装外套春季款,鞋靴,米色,M,149.88
SKU98956,SPU086,西装外套春季款,男装,白色,XL,146.23
SKU42710,SPU086,西装外套春季款,配饰,红色,XS,152.36
SKU98866,SPU086,西装外套春季款,鞋靴,米色,XL,151.58
SKU72143,SPU086,西装外套春季款,女装,灰色,XL,144.45
SKU77568,SPU087,运动鞋秋冬款,男装,灰色,M,285.44
SKU43054,SPU087,运动鞋秋冬款,男装,白色,M,284.39
SKU42901,SPU087,运动鞋秋冬款,女装,黑色,XL,291.58
SKU33927,SPU087,运动鞋秋冬款,鞋靴,粉色,S,290.42
SKU95627,SPU087,运动鞋秋冬款,男装,黑色,XS,297.49
SKU88804,SPU088,牛仔裤秋冬款,女装,红色,XS,488.7
SKU30496,SPU088,牛仔裤秋冬款,女装,粉色,M,510.6
SKU37201,SPU088,牛仔裤秋冬款,男装,米色,S,505.81
SKU21259,SPU088,牛仔裤秋冬款,鞋靴,红色,XL,495.8
SKU90692,SPU088,牛仔裤秋冬款,配饰,黑色,XL,490.83
SKU74615,SPU089,半身裙春季款,女装,红色,XS,374.81
SKU86427,SPU089,半身裙春季款,鞋靴,灰色,XL,366.96
SKU85363,SPU089,半身裙春季款,配饰,米色,M,361.03
SKU80261,SPU089,半身裙春季款,女装,灰色,XS,372.56
SKU60317,SPU089,半身裙春季款,女装,白色,L,361.83
SKU35445,SPU090,高跟鞋秋冬款,配饰,黑色,L,564.61
SKU75312,SPU090,高跟鞋秋冬款,男装,米色,XL,586.69
SKU71063,SPU090,高跟鞋秋冬款,女装,白色,XS,569.33
SKU78718,SPU091,运动鞋夏季款,男装,白色,XL,429.71
SKU85149,SPU091,运动鞋夏季款,男装,米色,L,424.71
SKU88697,SPU091,运动鞋夏季款,配饰,白色,M,425.88
SKU38000,SPU091,运动鞋夏季款,鞋靴,蓝色,XL,440.11
SKU18361,SPU092,西装外套春季款,女装,粉色,S,275.17
SKU86242,SPU092,西装外套春季款,配饰,粉色,M,292.68
SKU16055,SPU092,西装外套春季款,女装,米色,M,274.2
SKU91495,SPU092,西装外套春季款,女装,灰色,S,287.82
SKU80551,SPU092,西装外套春季款,配饰,灰色,S,286.22
SKU58296,SPU093,卫衣夏季款,配饰,蓝色,XS,470.62
SKU71104,SPU093,卫衣夏季款,女装,白色,S,483.56
SKU18422,SPU093,卫衣夏季款,配饰,蓝色,M,483.33
SKU53463,SPU094,牛仔裤秋冬款,鞋靴,粉色,XL,332.42
SKU23080,SPU094,牛仔裤秋冬款,鞋靴,白色,L,344.19
SKU30963,SPU094,牛仔裤秋冬款,男装,黑色,M,333.21
SKU33163,SPU095,休闲衬衫春季款,配饰,灰色,XS,635.52
SKU96800,SPU095,休闲衬衫春季款,女装,米色,L,638.99
SKU73519,SPU095,休闲衬衫春季款,鞋靴,黑色,M,661.48
SKU46782,SPU096,针织连衣裙秋冬款,男装,白色,XL,183.04
SKU56717,SPU096,针织连衣裙秋冬款,女装,黑色,M,181.55
SKU52261,SPU096,针织连衣裙秋冬款,鞋靴,黑色,S,181.72
SKU64985,SPU096,针织连衣裙秋冬款,男装,米色,L,179.66
SKU35745,SPU097,卫衣秋冬款,女装,粉色,S,186.55
SKU73140,SPU097,卫衣秋冬款,鞋靴,米色,XS,197.36
SKU13685,SPU097,卫衣秋冬款,女装,白色,M,188.94
SKU17200,SPU097,卫衣秋冬款,配饰,黑色,M,195.64
SKU49924,SPU097,卫衣秋冬款,鞋靴,红色,L,196.38
SKU82521,SPU098,运动鞋秋冬款,配饰,粉色,M,333.17
SKU18642,SPU098,运动鞋秋冬款,鞋靴,灰色,XL,318.71
SKU12229,SPU098,运动鞋秋冬款,鞋靴,灰色,XS,332.71
SKU54859,SPU099,牛仔裤夏季款,鞋靴,白色,S,370.54
SKU87930,SPU099,牛仔裤夏季款,男装,红色,S,353.8
SKU65963,SPU099,牛仔裤夏季款,鞋靴,蓝色,M,365.6
SKU81173,SPU099,牛仔裤夏季款,男装,白色,XL,367.17
SKU35800,SPU100,羽绒服经典款,配饰,黑色,XS,645.35
SKU78055,SPU100,羽绒服经典款,配饰,红色,M,640.73
SKU37117,SPU100,羽绒服经典款,男装,红色,L,621.7
SKU79519,SPU100,羽绒服经典款,男装,白色,XL,642.0
SKU78289,SPU100,羽绒服经典款,男装,红色,XS,628.69
SKU43289,SPU101,针织连衣裙经典款,配饰,灰色,L,221.12
SKU61140,SPU101,针织连衣裙经典款,鞋靴,黑色,XL,231.5
SKU70183,SPU101,针织连衣裙经典款,鞋靴,黑色,XL,227.49
SKU49723,SPU101,针织连衣裙经典款,配饰,白色,XL,219.36
SKU26521,SPU101,针织连衣裙经典款,女装,粉色,S,230.05
SKU21618,SPU102,羽绒服夏季款,男装,白色,L,325.89
SKU28060,SPU102,羽绒服夏季款,配饰,灰色,M,337.09
SKU14563,SPU102,羽绒服夏季款,鞋靴,粉色,L,337.58
SKU38565,SPU102,羽绒服夏季款,鞋靴,黑色,L,339.47
SKU14625,SPU102,羽绒服夏季款,配饰,红色,XL,333.5
SKU49830,SPU103,运动鞋经典款,女装,米色,L,236.25
SKU71431,SPU103,运动鞋经典款,鞋靴,灰色,XS,233.51
SKU52437,SPU103,运动鞋经典款,女装,蓝色,L,224.68
SKU97843,SPU103,运动鞋经典款,配饰,粉色,XS,223.93
SKU31649,SPU104,运动鞋经典款,鞋靴,白色,M,494.23
SKU59137,SPU104,运动鞋经典款,配饰,白色,M,492.49
SKU91297,SPU104,运动鞋经典款,鞋靴,灰色,S,484.89
SKU62108,SPU104,运动鞋经典款,配饰,红色,XL,465.78
SKU40262,SPU104,运动鞋经典款,鞋靴,黑色,XL,487.73
SKU41222,SPU105,半身裙夏季款,男装,黑色,M,272.41
SKU38895,SPU105,半身裙夏季款,女装,蓝色,L,285.99
SKU25410,SPU105,半身裙夏季款,女装,蓝色,XS,276.96
SKU23805,SPU105,半身裙夏季款,配饰,灰色,S,277.83
SKU27927,SPU105,半身裙夏季款,配饰,米色,M,273.83
SKU39570,SPU106,运动鞋夏季款,配饰,蓝色,L,293.24
SKU31489,SPU106,运动鞋夏季款,女装,红色,L,295.89
SKU38116,SPU106,运动鞋夏季款,鞋靴,红色,XS,296.83
SKU86546,SPU106,运动鞋夏季款,鞋靴,蓝色,XL,291.31
SKU23878,SPU107,T恤秋冬款,鞋靴,米色,S,347.63
SKU82771,SPU107,T恤秋冬款,女装,红色,M,351.53
SKU35323,SPU107,T恤秋冬款,女装,红色,XL,344.66
SKU99719,SPU108,牛仔裤夏季款,鞋靴,灰色,L,161.37
SKU40968,SPU108,牛仔裤夏季款,女装,米色,L,157.2
SKU29586,SPU108,牛仔裤夏季款,鞋靴,黑色,XS,154.02
SKU51566,SPU109,卫衣经典款,女装,灰色,XS,405.83
SKU79308,SPU109,卫衣经典款,配饰,米色,S,389.21
SKU40002,SPU109,卫衣经典款,男装,灰色,S,389.51
SKU21260,SPU109,卫衣经典款,男装,红色,L,404.33
SKU76223,SPU109,卫衣经典款,配饰,米色,S,401.42
SKU87193,SPU110,半身裙经典款,男装,白色,XS,290.31
SKU56465,SPU110,半身裙经典款,鞋靴,米色,S,299.81
SKU14748,SPU110,半身裙经典款,男装,灰色,S,291.21
SKU84616,SPU110,半身裙经典款,女装,黑色,L,301.93
SKU50223,SPU111,高跟鞋秋冬款,配饰,粉色,XL,118.99
SKU57777,SPU111,高跟鞋秋冬款,男装,粉色,S,121.07
SKU11396,SPU111,高跟鞋秋冬款,男装,米色,XS,121.26
SKU91484,SPU112,针织连衣裙秋冬款,女装,米色,L,329.83
SKU26660,SPU112,针织连衣裙秋冬款,鞋靴,米色,M,325.84
SKU35733,SPU112,针织连衣裙秋冬款,配饰,灰色,XS,331.57
SKU57917,SPU112,针织连衣裙秋冬款,配饰,灰色,XS,336.86
SKU74867,SPU113,半身裙春季款,男装,黑色,XS,433.44
SKU60023,SPU113,半身裙春季款,配饰,粉色,XL,421.02
SKU97509,SPU113,半身裙春季款,女装,粉色,L,414.66
SKU11236,SPU114,针织连衣裙春季款,鞋靴,米色,XS,270.31
SKU15060,SPU114,针织连衣裙春季款,女装,黑色,XS,266.58
SKU23366,SPU114,针织连衣裙春季款,男装,蓝色,L,259.39
SKU91083,SPU115,T恤春季款,女装,黑色,XS,434.26
SKU69559,SPU115,T恤春季款,鞋靴,灰色,M,441.55
SKU12134,SPU115,T恤春季款,女装,粉色,S,449.15
SKU90241,SPU115,T恤春季款,男装,米色,XS,440.84
SKU36249,SPU115,T恤春季款,男装,黑色,S,440.94
SKU72508,SPU116,针织连衣裙经典款,女装,黑色,S,436.53
SKU66500,SPU116,针织连衣裙经典款,鞋靴,黑色,XS,434.0
SKU52923,SPU116,针织连衣裙经典款,男装,红色,M,448.73
SKU79099,SPU117,运动鞋春季款,配饰,黑色,XS,325.84
SKU69474,SPU117,运动鞋春季款,鞋靴,黑色,XS,324.9
SKU33096,SPU117,运动鞋春季款,配饰,黑色,XS,323.41
SKU45133,SPU118,针织连衣裙春季款,配饰,红色,S,601.19
SKU47811,SPU118,针织连衣裙春季款,女装,灰色,M,603.76
SKU86542,SPU118,针织连衣裙春季款,配饰,蓝色,M,592.74
SKU31569,SPU119,羽绒服春季款,男装,米色,XS,533.06
SKU96719,SPU119,羽绒服春季款,男装,红色,L,519.51
SKU76203,SPU119,羽绒服春季款,鞋靴,蓝色,XS,525.91
SKU83644,SPU119,羽绒服春季款,女装,米色,XS,516.24
SKU29370,SPU119,羽绒服春季款,女装,粉色,XL,543.5
SKU93581,SPU120,T恤春季款,鞋靴,粉色,XL,374.21
SKU23574,SPU120,T恤春季款,男装,粉色,XS,387.13
SKU68919,SPU120,T恤春季款,配饰,白色,M,379.61
SKU85187,SPU120,T恤春季款,鞋靴,白色,S,381.34
SKU31197,SPU120,T恤春季款,女装,红色,XS,390.24
SKU74722,SPU121,卫衣经典款,女装,米色,L,514.45
SKU96111,SPU121,卫衣经典款,女装,粉色,XS,504.2
SKU18793,SPU121,卫衣经典款,男装,白色,XL,512.13
SKU94523,SPU121,卫衣经典款,鞋靴,粉色,XL,510.76
SKU51034,SPU122,西装外套秋冬款,鞋靴,米色,XS,270.68
SKU33429,SPU122,西装外套秋冬款,鞋靴,灰色,XS,256.29
SKU59242,SPU122,西装外套秋冬款,女装,蓝色,M,257.99
SKU82006,SPU122,西装外套秋冬款,配饰,米色,XS,267.47
SKU19470,SPU122,西装外套秋冬款,男装,红色,XL,266.71
SKU18221,SPU123,T恤秋冬款,配饰,米色,M,383.41
SKU90707,SPU123,T恤秋冬款,鞋靴,粉色,S,376.66
SKU27261,SPU123,T恤秋冬款,鞋靴,粉色,XS,383.61
SKU58323,SPU123,T恤秋冬款,男装,黑色,M,380.09
SKU68991,SPU123,T恤秋冬款,鞋靴,粉色,XS,370.34
SKU19151,SPU124,羽绒服夏季款,配饰,米色,M,177.52
SKU12125,SPU124,羽绒服夏季款,男装,米色,S,175.65
SKU72420,SPU124,羽绒服夏季款,男装,红色,S,180.24
SKU71234,SPU124,羽绒服夏季款,女装,灰色,L,174.12
SKU13334,SPU124,羽绒服夏季款,女装,白色,XS,175.94
SKU71570,SPU125,休闲衬衫秋冬款,配饰,白色,S,129.72
SKU40463,SPU125,休闲衬衫秋冬款,女装,红色,M,131.65
SKU71220,SPU125,休闲衬衫秋冬款,女装,米色,XS,129.35
SKU97295,SPU126,牛仔裤经典款,配饰,红色,L,179.54
SKU37199,SPU126,牛仔裤经典款,男装,粉色,L,183.84
SKU71714,SPU126,牛仔裤经典款,男装,红色,XL,187.78
SKU14925,SPU126,牛仔裤经典款,鞋靴,白色,M,181.76
SKU55339,SPU126,牛仔裤经典款,配饰,粉色,XS,179.91
SKU83234,SPU127,休闲衬衫经典款,鞋靴,粉色,XS,466.63
SKU57438,SPU127,休闲衬衫经典款,女装,蓝色,XS,471.56
SKU24643,SPU127,休闲衬衫经典款,男装,蓝色,XS,488.01
SKU91515,SPU127,休闲衬衫经典款,鞋靴,粉色,XL,486.66
SKU34721,SPU127,休闲衬衫经典款,鞋靴,蓝色,S,472.89
SKU72419,SPU128,卫衣夏季款,女装,米色,S,400.91
SKU44937,SPU128,卫衣夏季款,男装,白色,XL,408.32
SKU80653,SPU128,卫衣夏季款,鞋靴,灰色,S,407.3
SKU72883,SPU128,卫衣夏季款,女装,白色,XS,398.31
SKU45392,SPU128,卫衣夏季款,男装,蓝色,XL,405.98
SKU94096,SPU129,休闲衬衫秋冬款,女装,红色,M,500.93
SKU36872,SPU129,休闲衬衫秋冬款,配饰,红色,M,507.62
SKU38901,SPU129,休闲衬衫秋冬款,配饰,白色,XS,489.87
SKU27419,SPU130,针织连衣裙春季款,鞋靴,灰色,XL,233.25
SKU48707,SPU130,针织连衣裙春季款,男装,灰色,L,225.14
SKU22504,SPU130,针织连衣裙春季款,配饰,蓝色,S,238.5
SKU15606,SPU130,针织连衣裙春季款,女装,灰色,XS,229.41
SKU84204,SPU130,针织连衣裙春季款,男装,米色,M,234.07
SKU13621,SPU131,T恤秋冬款,男装,黑色,XS,475.44
SKU63493,SPU131,T恤秋冬款,男装,蓝色,XL,466.53
SKU83426,SPU131,T恤秋冬款,男装,白色,L,454.22
SKU90528,SPU131,T恤秋冬款,男装,白色,XS,462.45
SKU55180,SPU131,T恤秋冬款,男装,白色,XS,470.24
SKU31449,SPU132,牛仔裤秋冬款,配饰,灰色,M,498.55
SKU23094,SPU132,牛仔裤秋冬款,女装,米色,M,487.62
SKU67325,SPU132,牛仔裤秋冬款,男装,黑色,XS,493.73
SKU79534,SPU132,牛仔裤秋冬款,配饰,米色,M,481.66
SKU96554,SPU132,牛仔裤秋冬款,女装,灰色,M,481.6
SKU76717,SPU133,卫衣夏季款,男装,蓝色,XL,612.74
SKU24722,SPU133,卫衣夏季款,男装,蓝色,L,607.4
SKU56241,SPU133,卫衣夏季款,女装,蓝色,XL,590.98
SKU86879,SPU133,卫衣夏季款,鞋靴,米色,M,589.09
SKU11904,SPU134,针织连衣裙夏季款,男装,白色,S,199.99
SKU15948,SPU134,针织连衣裙夏季款,鞋靴,米色,M,198.89
SKU60216,SPU134,针织连衣裙夏季款,男装,米色,L,203.02
SKU34700,SPU134,针织连衣裙夏季款,男装,灰色,XS,205.24
SKU33018,SPU134,针织连衣裙夏季款,鞋靴,黑色,S,202.81
SKU72216,SPU135,针织连衣裙秋冬款,男装,米色,XL,366.74
SKU76713,SPU135,针织连衣裙秋冬款,鞋靴,白色,S,354.66
SKU14999,SPU135,针织连衣裙秋冬款,女装,粉色,L,353.11
SKU33330,SPU136,西装外套夏季款,女装,红色,L,231.39
SKU25057,SPU136,西装外套夏季款,配饰,黑色,XS,223.6
SKU43138,SPU136,西装外套夏季款,鞋靴,米色,XS,226.96
SKU18850,SPU137,西装外套经典款,女装,白色,L,557.8
SKU29727,SPU137,西装外套经典款,配饰,红色,XL,558.75
SKU82754,SPU137,西装外套经典款,配饰,红色,XL,548.83
SKU81975,SPU138,运动鞋经典款,男装,灰色,XL,162.81
SKU62136,SPU138,运动鞋经典款,女装,黑色,XL,166.91
SKU10116,SPU138,运动鞋经典款,女装,白色,XS,173.9
SKU32149,SPU139,运动鞋夏季款,男装,米色,L,473.28
SKU61008,SPU139,运动鞋夏季款,男装,黑色,M,460.64
SKU41338,SPU139,运动鞋夏季款,女装,红色,M,486.07
SKU40385,SPU140,T恤经典款,男装,红色,M,574.08
SKU18829,SPU140,T恤经典款,男装,红色,XL,591.85
SKU87913,SPU140,T恤经典款,鞋靴,粉色,M,592.15
SKU82787,SPU140,T恤经典款,男装,白色,S,587.24
SKU24641,SPU140,T恤经典款,男装,红色,L,564.12
SKU65181,SPU141,羽绒服秋冬款,男装,粉色,M,495.0
SKU63323,SPU141,羽绒服秋冬款,女装,米色,L,514.62
SKU19834,SPU141,羽绒服秋冬款,男装,红色,M,496.61
SKU50550,SPU141,羽绒服秋冬款,鞋靴,蓝色,L,504.06
SKU12768,SPU141,羽绒服秋冬款,配饰,红色,XL,493.95
SKU22882,SPU142,半身裙秋冬款,男装,灰色,XL,320.35
SKU68361,SPU142,半身裙秋冬款,配饰,蓝色,XL,304.98
SKU99562,SPU142,半身裙秋冬款,鞋靴,米色,XL,305.74
SKU35659,SPU142,半身裙秋冬款,男装,米色,XL,302.95
SKU32580,SPU142,半身裙秋冬款,女装,蓝色,S,318.98
SKU18690,SPU143,运动鞋夏季款,女装,黑色,M,521.35
SKU25978,SPU143,运动鞋夏季款,配饰,米色,XS,510.3
SKU61995,SPU143,运动鞋夏季款,女装,红色,L,509.47
SKU34020,SPU144,卫衣秋冬款,男装,白色,XL,442.27
SKU34849,SPU144,卫衣秋冬款,鞋靴,蓝色,S,442.28
SKU78990,SPU144,卫衣秋冬款,鞋靴,黑色,M,429.13
SKU54958,SPU144,卫衣秋冬款,鞋靴,粉色,L,451.04
SKU10113,SPU144,卫衣秋冬款,男装,灰色,M,425.62
SKU50260,SPU145,半身裙春季款,配饰,黑色,XS,84.22
SKU42106,SPU145,半身裙春季款,配饰,灰色,XL,87.46
SKU41711,SPU145,半身裙春季款,男装,粉色,XL,83.81
SKU55387,SPU146,高跟鞋秋冬款,配饰,粉色,XS,488.49
SKU90484,SPU146,高跟鞋秋冬款,配饰,红色,S,499.0
SKU50867,SPU146,高跟鞋秋冬款,配饰,米色,XL,512.11
SKU90005,SPU146,高跟鞋秋冬款,鞋靴,粉色,XS,486.78
SKU95585,SPU147,羽绒服秋冬款,鞋靴,黑色,L,533.98
SKU27878,SPU147,羽绒服秋冬款,鞋靴,黑色,L,531.79
SKU72193,SPU147,羽绒服秋冬款,鞋靴,黑色,M,537.13
SKU53478,SPU147,羽绒服秋冬款,男装,米色,XL,531.89
SKU55293,SPU148,羽绒服秋冬款,配饰,米色,L,612.7
SKU50248,SPU148,羽绒服秋冬款,男装,米色,M,604.2
SKU42937,SPU148,羽绒服秋冬款,鞋靴,粉色,XS,614.11
SKU25447,SPU149,西装外套夏季款,女装,灰色,L,191.44
SKU95400,SPU149,西装外套夏季款,鞋靴,黑色,M,184.14
SKU92038,SPU149,西装外套夏季款,配饰,白色,XS,184.37
SKU39024,SPU149,西装外套夏季款,配饰,粉色,L,181.85
SKU45790,SPU150,卫衣经典款,配饰,白色,M,400.32
SKU27247,SPU150,卫衣经典款,女装,黑色,XS,410.58
SKU67908,SPU150,卫衣经典款,男装,白色,L,407.29
SKU19749,SPU150,卫衣经典款,男装,白色,XS,403.97
SKU83276,SPU150,卫衣经典款,配饰,红色,S,387.78
SKU45890,SPU151,西装外套经典款,男装,灰色,XS,598.53
SKU34405,SPU151,西装外套经典款,配饰,米色,XS,586.73
SKU51833,SPU151,西装外套经典款,配饰,米色,XS,577.72
SKU62206,SPU152,西装外套夏季款,配饰,白色,S,434.86
SKU66501,SPU152,西装外套夏季款,女装,灰色,M,453.64
SKU47224,SPU152,西装外套夏季款,鞋靴,米色,L,452.07
SKU75320,SPU153,运动鞋夏季款,男装,蓝色,XS,493.29
SKU14281,SPU153,运动鞋夏季款,女装,黑色,L,506.66
SKU30961,SPU153,运动鞋夏季款,女装,红色,M,490.76
SKU66059,SPU154,高跟鞋秋冬款,鞋靴,红色,L,307.81
SKU17304,SPU154,高跟鞋秋冬款,配饰,蓝色,S,314.49
SKU96777,SPU154,高跟鞋秋冬款,男装,灰色,S,313.47
SKU48203,SPU155,运动鞋春季款,女装,白色,XS,247.98
SKU87081,SPU155,运动鞋春季款,男装,黑色,XS,247.59
SKU71998,SPU155,运动鞋春季款,女装,白色,L,243.69
SKU35215,SPU155,运动鞋春季款,男装,米色,XS,245.66
SKU86484,SPU155,运动鞋春季款,鞋靴,白色,S,248.5
SKU15951,SPU156,高跟鞋经典款,女装,黑色,XL,533.8
SKU75843,SPU156,高跟鞋经典款,男装,灰色,XS,513.1
SKU86379,SPU156,高跟鞋经典款,鞋靴,粉色,XL,530.12
SKU32142,SPU156,高跟鞋经典款,配饰,黑色,XS,510.23
SKU93004,SPU156,高跟鞋经典款,配饰,米色,XS,523.43
SKU57805,SPU157,半身裙经典款,配饰,黑色,XS,470.41
SKU30427,SPU157,半身裙经典款,鞋靴,灰色,M,493.02
SKU11555,SPU157,半身裙经典款,鞋靴,白色,XS,497.4
SKU15785,SPU157,半身裙经典款,女装,白色,M,486.76
SKU69587,SPU157,半身裙经典款,女装,米色,M,479.72
SKU72482,SPU158,休闲衬衫夏季款,配饰,白色,S,496.41
SKU72482,SPU158,休闲衬衫夏季款,男装,白色,XL,479.5
SKU34024,SPU158,休闲衬衫夏季款,女装,米色,XL,467.9
SKU94359,SPU158,休闲衬衫夏季款,女装,粉色,L,467.08
SKU33144,SPU158,休闲衬衫夏季款,男装,粉色,XS,478.45
SKU12342,SPU159,T恤经典款,女装,粉色,XS,549.54
SKU20905,SPU159,T恤经典款,配饰,米色,M,548.36
SKU77226,SPU159,T恤经典款,鞋靴,白色,L,557.09
SKU46366,SPU159,T恤经典款,男装,红色,M,565.65
SKU98291,SPU160,卫衣春季款,配饰,白色,XS,368.41
SKU56764,SPU160,卫衣春季款,女装,蓝色,XS,373.93
SKU81499,SPU160,卫衣春季款,配饰,黑色,XS,361.13
SKU91202,SPU160,卫衣春季款,配饰,粉色,S,361.01
SKU40016,SPU161,半身裙秋冬款,配饰,灰色,XS,214.04
SKU80662,SPU161,半身裙秋冬款,配饰,白色,M,211.81
SKU47298,SPU161,半身裙秋冬款,配饰,粉色,XL,218.79
SKU62613,SPU161,半身裙秋冬款,女装,灰色,XL,210.3
SKU83389,SPU162,牛仔裤夏季款,配饰,灰色,M,98.62
SKU78083,SPU162,牛仔裤夏季款,女装,米色,M,96.91
SKU75426,SPU162,牛仔裤夏季款,配饰,黑色,XL,96.25
SKU82312,SPU163,高跟鞋春季款,鞋靴,白色,S,221.74
SKU99880,SPU163,高跟鞋春季款,男装,红色,M,224.82
SKU47805,SPU163,高跟鞋春季款,女装,蓝色,XS,214.74
SKU74368,SPU163,高跟鞋春季款,配饰,米色,S,215.07
SKU92141,SPU164,针织连衣裙经典款,鞋靴,米色,L,164.73
SKU74542,SPU164,针织连衣裙经典款,配饰,红色,L,156.64
SKU29346,SPU164,针织连衣裙经典款,男装,红色,L,158.65
SKU56368,SPU164,针织连衣裙经典款,女装,粉色,XS,161.99
SKU84722,SPU165,半身裙秋冬款,男装,白色,S,188.31
SKU30527,SPU165,半身裙秋冬款,鞋靴,红色,S,194.88
SKU66184,SPU165,半身裙秋冬款,女装,蓝色,S,192.78
SKU12026,SPU165,半身裙秋冬款,配饰,蓝色,S,190.39
SKU89932,SPU165,半身裙秋冬款,女装,灰色,L,192.99
SKU70304,SPU166,高跟鞋经典款,鞋靴,灰色,XS,66.84
SKU69027,SPU166,高跟鞋经典款,男装,灰色,L,67.97
SKU71403,SPU166,高跟鞋经典款,配饰,灰色,S,66.05
SKU51078,SPU167,休闲衬衫秋冬款,配饰,红色,L,308.72
SKU58862,SPU167,休闲衬衫秋冬款,鞋靴,米色,XL,298.11
SKU41244,SPU167,休闲衬衫秋冬款,配饰,白色,XL,298.54
SKU52494,SPU168,卫衣春季款,鞋靴,白色,M,258.54
SKU99059,SPU168,卫衣春季款,男装,灰色,XS,257.82
SKU93380,SPU168,卫衣春季款,女装,灰色,XL,262.98
SKU77572,SPU169,T恤秋冬款,男装,黑色,L,506.58
SKU51481,SPU169,T恤秋冬款,鞋靴,灰色,XS,492.63
SKU71737,SPU169,T恤秋冬款,鞋靴,蓝色,M,508.13
SKU45088,SPU170,T恤秋冬款,男装,米色,S,210.97
SKU32358,SPU170,T恤秋冬款,鞋靴,蓝色,XL,212.61
SKU12728,SPU170,T恤秋冬款,配饰,灰色,XS,200.8
SKU39555,SPU170,T恤秋冬款,配饰,灰色,XL,201.88
SKU61453,SPU170,T恤秋冬款,配饰,蓝色,L,208.12
SKU38075,SPU171,卫衣春季款,配饰,米色,L,434.13
SKU19900,SPU171,卫衣春季款,男装,黑色,M,427.42
SKU92152,SPU171,卫衣春季款,男装,白色,L,418.25
SKU40128,SPU172,休闲衬衫经典款,男装,白色,L,463.04
SKU96229,SPU172,休闲衬衫经典款,男装,白色,L,476.22
SKU59120,SPU172,休闲衬衫经典款,男装,粉色,S,452.95
SKU23237,SPU172,休闲衬衫经典款,鞋靴,粉色,XS,481.06
SKU81315,SPU172,休闲衬衫经典款,女装,黑色,M,476.99
SKU95626,SPU173,高跟鞋经典款,鞋靴,粉色,XS,278.77
SKU72078,SPU173,高跟鞋经典款,男装,红色,L,276.69
SKU93553,SPU173,高跟鞋经典款,男装,蓝色,L,275.23
SKU50213,SPU173,高跟鞋经典款,男装,蓝色,M,277.33
SKU24593,SPU173,高跟鞋经典款,鞋靴,白色,XL,271.87
SKU30059,SPU174,牛仔裤经典款,男装,黑色,M,223.29
SKU63145,SPU174,牛仔裤经典款,女装,蓝色,XL,233.89
SKU43379,SPU174,牛仔裤经典款,男装,红色,L,227.42
SKU96089,SPU174,牛仔裤经典款,男装,米色,S,222.1
SKU77024,SPU175,卫衣经典款,女装,粉色,L,553.5
SKU54437,SPU175,卫衣经典款,鞋靴,米色,XS,542.82
SKU62636,SPU175,卫衣经典款,配饰,蓝色,XS,544.46
SKU30983,SPU175,卫衣经典款,女装,白色,XS,551.65
SKU21549,SPU176,卫衣春季款,鞋靴,蓝色,S,292.55
SKU65281,SPU176,卫衣春季款,鞋靴,蓝色,XS,287.48
SKU96953,SPU176,卫衣春季款,女装,红色,S,291.59
SKU30425,SPU176,卫衣春季款,女装,红色,M,295.68
SKU26846,SPU177,运动鞋秋冬款,女装,米色,XL,117.41
SKU22085,SPU177,运动鞋秋冬款,配饰,白色,S,119.96
SKU36903,SPU177,运动鞋秋冬款,鞋靴,白色,XL,125.61
SKU52621,SPU177,运动鞋秋冬款,鞋靴,红色,L,118.05
SKU81654,SPU178,牛仔裤夏季款,男装,米色,XL,473.35
SKU39874,SPU178,牛仔裤夏季款,男装,黑色,XL,467.93
SKU17649,SPU178,牛仔裤夏季款,男装,灰色,XL,469.0
SKU17302,SPU178,牛仔裤夏季款,配饰,粉色,S,471.15
SKU40220,SPU179,西装外套春季款,女装,红色,S,95.42
SKU27638,SPU179,西装外套春季款,女装,白色,L,95.33
SKU31820,SPU179,西装外套春季款,女装,灰色,L,95.35
SKU38519,SPU180,西装外套秋冬款,男装,红色,L,342.14
SKU49776,SPU180,西装外套秋冬款,鞋靴,灰色,XS,343.78
SKU26450,SPU180,西装外套秋冬款,女装,红色,XL,359.76
SKU23839,SPU181,T恤春季款,男装,蓝色,XS,358.28
SKU17951,SPU181,T恤春季款,男装,白色,XL,373.09
SKU86048,SPU181,T恤春季款,女装,灰色,XS,376.11
SKU15216,SPU181,T恤春季款,配饰,粉色,M,366.51
SKU96854,SPU181,T恤春季款,女装,红色,XL,357.92
SKU47576,SPU182,半身裙经典款,鞋靴,白色,L,506.29
SKU57693,SPU182,半身裙经典款,女装,米色,L,523.5
SKU49923,SPU182,半身裙经典款,女装,灰色,XL,519.18
SKU93022,SPU182,半身裙经典款,女装,红色,M,505.61
SKU84734,SPU182,半身裙经典款,女装,粉色,M,534.89
SKU89643,SPU183,半身裙秋冬款,配饰,蓝色,S,199.64
SKU87043,SPU183,半身裙秋冬款,女装,粉色,XL,195.24
SKU59935,SPU183,半身裙秋冬款,鞋靴,红色,XL,202.93
SKU45257,SPU183,半身裙秋冬款,鞋靴,红色,L,202.83
SKU59198,SPU184,半身裙春季款,男装,黑色,XS,115.6
SKU83584,SPU184,半身裙春季款,女装,红色,L,113.98
SKU92495,SPU184,半身裙春季款,配饰,红色,XL,115.96
SKU35411,SPU185,牛仔裤秋冬款,鞋靴,米色,M,126.26
SKU17241,SPU185,牛仔裤秋冬款,鞋靴,黑色,XL,125.45
SKU52583,SPU185,牛仔裤秋冬款,鞋靴,黑色,XS,123.81
SKU96468,SPU186,针织连衣裙经典款,配饰,白色,XL,607.65
SKU70531,SPU186,针织连衣裙经典款,配饰,米色,L,592.66
SKU85617,SPU186,针织连衣裙经典款,男装,粉色,M,605.28
SKU60289,SPU187,T恤夏季款,配饰,灰色,S,183.57
SKU98666,SPU187,T恤夏季款,女装,黑色,XS,181.26
SKU32172,SPU187,T恤夏季款,女装,粉色,M,177.96
SKU40786,SPU187,T恤夏季款,女装,蓝色,M,174.64
SKU32084,SPU187,T恤夏季款,女装,粉色,XL,177.39
SKU58434,SPU188,卫衣经典款,配饰,蓝色,S,449.54
SKU75692,SPU188,卫衣经典款,鞋靴,黑色,S,444.18
SKU54539,SPU188,卫衣经典款,鞋靴,红色,XS,429.77
SKU72904,SPU188,卫衣经典款,男装,灰色,XL,452.73
SKU17398,SPU188,卫衣经典款,男装,白色,L,449.44
SKU83038,SPU189,半身裙秋冬款,女装,红色,M,185.88
SKU47114,SPU189,半身裙秋冬款,鞋靴,米色,M,195.16
SKU25195,SPU189,半身裙秋冬款,女装,米色,L,191.62
SKU73271,SPU189,半身裙秋冬款,女装,米色,S,191.55
SKU39506,SPU190,运动鞋夏季款,配饰,蓝色,M,166.32
SKU25649,SPU190,运动鞋夏季款,女装,蓝色,M,174.36
SKU78538,SPU190,运动鞋夏季款,女装,白色,M,175.37
SKU63856,SPU190,运动鞋夏季款,配饰,红色,M,170.03
SKU69667,SPU191,半身裙秋冬款,配饰,白色,S,628.84
SKU51853,SPU191,半身裙秋冬款,配饰,灰色,S,637.12
SKU42810,SPU191,半身裙秋冬款,女装,粉色,XL,634.35
SKU57151,SPU191,半身裙秋冬款,女装,蓝色,S,635.73
SKU43234,SPU191,半身裙秋冬款,女装,红色,L,635.34
SKU96965,SPU192,羽绒服春季款,男装,红色,L,144.39
SKU37870,SPU192,羽绒服春季款,男装,粉色,XL,146.63
SKU68919,SPU192,羽绒服春季款,男装,红色,L,140.82
SKU11359,SPU192,羽绒服春季款,鞋靴,红色,S,142.66
SKU87581,SPU192,羽绒服春季款,鞋靴,白色,S,142.87
SKU23584,SPU193,针织连衣裙秋冬款,鞋靴,米色,XS,448.41
SKU93152,SPU193,针织连衣裙秋冬款,配饰,黑色,S,457.2
SKU93332,SPU193,针织连衣裙秋冬款,配饰,粉色,S,431.73
SKU71114,SPU194,牛仔裤春季款,鞋靴,米色,XL,315.95
SKU41593,SPU194,牛仔裤春季款,男装,灰色,XL,332.09
SKU85476,SPU194,牛仔裤春季款,男装,灰色,L,328.08
SKU71471,SPU195,运动鞋夏季款,男装,灰色,S,160.72
SKU90219,SPU195,运动鞋夏季款,女装,黑色,L,163.59
SKU18597,SPU195,运动鞋夏季款,男装,黑色,S,156.06
SKU69136,SPU196,高跟鞋经典款,配饰,红色,S,415.12
SKU91686,SPU196,高跟鞋经典款,女装,灰色,XL,412.46
SKU33787,SPU196,高跟鞋经典款,鞋靴,黑色,XL,395.72
SKU33034,SPU196,高跟鞋经典款,女装,米色,S,410.44
SKU36633,SPU197,运动鞋秋冬款,女装,红色,L,174.19
SKU98461,SPU197,运动鞋秋冬款,男装,蓝色,M,176.64
SKU17278,SPU197,运动鞋秋冬款,鞋靴,灰色,L,176.58
SKU88809,SPU198,卫衣秋冬款,配饰,粉色,M,368.82
SKU24585,SPU198,卫衣秋冬款,男装,米色,M,381.99
SKU27897,SPU198,卫衣秋冬款,女装,米色,XS,381.83
SKU39511,SPU198,卫衣秋冬款,男装,蓝色,XS,378.21
SKU90739,SPU199,休闲衬衫春季款,配饰,白色,M,441.9
SKU57069,SPU199,休闲衬衫春季款,配饰,灰色,L,428.46
SKU20964,SPU199,休闲衬衫春季款,男装,蓝色,S,436.63
SKU61723,SPU199,休闲衬衫春季款,女装,黑色,L,450.84
SKU66458,SPU199,休闲衬衫春季款,女装,白色,XL,444.35
